[{"model": "MainApp.display", "pk": 1, "fields": {"display": "11,6\" 1366x768 pxls"}}, {"model": "MainApp.display", "pk": 2, "fields": {"display": "13,4\" 1920x1200 pxls"}}, {"model": "MainApp.display", "pk": 3, "fields": {"display": "13,5\" 3000x2000 pxls"}}, {"model": "MainApp.display", "pk": 4, "fields": {"display": "14\" 1366x768 pxls"}}, {"model": "MainApp.display", "pk": 5, "fields": {"display": "14\" 1920x1080 pxls"}}, {"model": "MainApp.display", "pk": 6, "fields": {"display": "14\" 2160x1440 pxls"}}, {"model": "MainApp.display", "pk": 7, "fields": {"display": "14,1\" 1920x1080 pxls"}}, {"model": "MainApp.display", "pk": 8, "fields": {"display": "14,2\" 3120x2080 pxls"}}, {"model": "MainApp.display", "pk": 9, "fields": {"display": "15,6\" 1366x768 pxls"}}, {"model": "MainApp.display", "pk": 10, "fields": {"display": "15,6\" 1920x1080 pxls"}}, {"model": "MainApp.display", "pk": 11, "fields": {"display": "15,6\" 3200x1800 pxls"}}, {"model": "MainApp.display", "pk": 12, "fields": {"display": "17,3\" 1920x1080 pxls"}}, {"model": "MainApp.display", "pk": 13, "fields": {"display": "17,3\" 2560x1440 pxls"}}, {"model": "MainApp.display", "pk": 14, "fields": {"display": "17,3\" 3840x2160 pxls"}}, {"model": "MainApp.displaytype", "pk": 1, "fields": {"display_type": "LTPS"}}, {"model": "MainApp.displaytype", "pk": 2, "fields": {"display_type": "TFT"}}, {"model": "MainApp.displaytype", "pk": 3, "fields": {"display_type": "IPS"}}, {"model": "MainApp.displaytype", "pk": 4, "fields": {"display_type": "AHVA"}}, {"model": "MainApp.displaytype", "pk": 5, "fields": {"display_type": "TN"}}, {"model": "MainApp.processor", "pk": 1, "fields": {"processor": "Intel Core i9"}}, {"model": "MainApp.processor", "pk": 2, "fields": {"processor": "Intel Core i7"}}, {"model": "MainApp.processor", "pk": 3, "fields": {"processor": "Intel Core i5"}}, {"model": "MainApp.processor", "pk": 4, "fields": {"processor": "Intel Core i3"}}, {"model": "MainApp.processor", "pk": 5, "fields": {"processor": "Intel Pentium"}}, {"model": "MainApp.processor", "pk": 6, "fields": {"processor": "Intel Celeron"}}, {"model": "MainApp.processor", "pk": 7, "fields": {"processor": "AMD Ryzen 7"}}, {"model": "MainApp.processor", "pk": 8, "fields": {"processor": "AMD Ryzen 5"}}, {"model": "MainApp.processor", "pk": 9, "fields": {"processor": "AMD Ryzen 3"}}, {"model": "MainApp.cores", "pk": 1, "fields": {"cores": 2}}, {"model": "MainApp.cores", "pk": 2, "fields": {"cores": 4}}, {"model": "MainApp.cores", "pk": 3, "fields": {"cores": 6}}, {"model": "MainApp.cores", "pk": 4, "fields": {"cores": 8}}, {"model": "MainApp.cores", "pk": 5, "fields": {"cores": 10}}, {"model": "MainApp.cores", "pk": 6, "fields": {"cores": 12}}, {"model": "MainApp.cores", "pk": 7, "fields": {"cores": 14}}, {"model": "MainApp.frequency", "pk": 1, "fields": {"frequency": "2,4 ГГц"}}, {"model": "MainApp.frequency", "pk": 2, "fields": {"frequency": "2,6 ГГц"}}, {"model": "MainApp.frequency", "pk": 3, "fields": {"frequency": "2,64 ГГц"}}, {"model": "MainApp.frequency", "pk": 4, "fields": {"frequency": "2,8 ГГц"}}, {"model": "MainApp.frequency", "pk": 5, "fields": {"frequency": "3,4 ГГц"}}, {"model": "MainApp.frequency", "pk": 6, "fields": {"frequency": "3,5 ГГц"}}, {"model": "MainApp.frequency", "pk": 7, "fields": {"frequency": "3,7 ГГц"}}, {"model": "MainApp.frequency", "pk": 8, "fields": {"frequency": "4 ГГц"}}, {"model": "MainApp.frequency", "pk": 9, "fields": {"frequency": "4,1 ГГц"}}, {"model": "MainApp.frequency", "pk": 10, "fields": {"frequency": "4,2 ГГц"}}, {"model": "MainApp.frequency", "pk": 11, "fields": {"frequency": "4,4 ГГц"}}, {"model": "MainApp.frequency", "pk": 12, "fields": {"frequency": "4,5 ГГц"}}, {"model": "MainApp.frequency", "pk": 13, "fields": {"frequency": "4,7 ГГц"}}, {"model": "MainApp.frequency", "pk": 14, "fields": {"frequency": "5 ГГц"}}, {"model": "MainApp.graphicscard", "pk": 1, "fields": {"graphics_card": "Nvidia GeForce RTX 3080 Ti 16GB"}}, {"model": "MainApp.graphicscard", "pk": 2, "fields": {"graphics_card": "Nvidia GeForce RTX 3080 Ti 8GB"}}, {"model": "MainApp.graphicscard", "pk": 3, "fields": {"graphics_card": "Nvidia GeForce RTX 3070 Ti 8GB"}}, {"model": "MainApp.graphicscard", "pk": 4, "fields": {"graphics_card": "Nvidia GeForce RTX 3060 6GB"}}, {"model": "MainApp.graphicscard", "pk": 5, "fields": {"graphics_card": "Nvidia GeForce RTX 3050 4GB"}}, {"model": "MainApp.graphicscard", "pk": 6, "fields": {"graphics_card": "Nvidia GeForce GTX 1650 4GB"}}, {"model": "MainApp.graphicscard", "pk": 7, "fields": {"graphics_card": "Nvidia GeForce MX450 2GB"}}, {"model": "MainApp.graphicscard", "pk": 8, "fields": {"graphics_card": "Nvidia GeForce MX350 2GB"}}, {"model": "MainApp.graphicscard", "pk": 9, "fields": {"graphics_card": "AMD Radeon Graphics"}}, {"model": "MainApp.graphicscard", "pk": 10, "fields": {"graphics_card": "AMD Radeon RX Vega 8"}}, {"model": "MainApp.graphicscard", "pk": 11, "fields": {"graphics_card": "AMD Radeon Vega 3"}}, {"model": "MainApp.graphicscard", "pk": 12, "fields": {"graphics_card": "Intel Iris Xe Graphics"}}, {"model": "MainApp.graphicscard", "pk": 13, "fields": {"graphics_card": "Intel Iris Graphics"}}, {"model": "MainApp.graphicscard", "pk": 14, "fields": {"graphics_card": "Intel UHD Graphics 600"}}, {"model": "MainApp.graphicscard", "pk": 15, "fields": {"graphics_card": "Intel HD Graphics 5500"}}, {"model": "MainApp.graphicscard", "pk": 16, "fields": {"graphics_card": "Intel HD Graphics 500"}}, {"model": "MainApp.ram", "pk": 1, "fields": {"ram": "4 ГБ"}}, {"model": "MainApp.ram", "pk": 2, "fields": {"ram": "8 ГБ"}}, {"model": "MainApp.ram", "pk": 3, "fields": {"ram": "16 ГБ"}}, {"model": "MainApp.ram", "pk": 4, "fields": {"ram": "32 ГБ"}}, {"model": "MainApp.harddisk", "pk": 1, "fields": {"hard_disk": "64 ГБ"}}, {"model": "MainApp.harddisk", "pk": 2, "fields": {"hard_disk": "128 ГБ"}}, {"model": "MainApp.harddisk", "pk": 3, "fields": {"hard_disk": "256 ГБ"}}, {"model": "MainApp.harddisk", "pk": 4, "fields": {"hard_disk": "512 ГБ"}}, {"model": "MainApp.harddisk", "pk": 5, "fields": {"hard_disk": "1 ТБ"}}, {"model": "MainApp.harddisk", "pk": 6, "fields": {"hard_disk": "2 ТБ"}}, {"model": "MainApp.cachememory", "pk": 1, "fields": {"cache_memory": "2 МБ"}}, {"model": "MainApp.cachememory", "pk": 2, "fields": {"cache_memory": "4 МБ"}}, {"model": "MainApp.cachememory", "pk": 3, "fields": {"cache_memory": "8 МБ"}}, {"model": "MainApp.cachememory", "pk": 4, "fields": {"cache_memory": "12 МБ"}}, {"model": "MainApp.cachememory", "pk": 5, "fields": {"cache_memory": "16 МБ"}}, {"model": "MainApp.cachememory", "pk": 6, "fields": {"cache_memory": "18 МБ"}}, {"model": "MainApp.cachememory", "pk": 7, "fields": {"cache_memory": "24 МБ"}}, {"model": "MainApp.cachememory", "pk": 8, "fields": {"cache_memory": "30 МБ"}}, {"model": "MainApp.os", "pk": 1, "fields": {"os": "MacOS"}}, {"model": "MainApp.os", "pk": 2, "fields": {"os": "Windows 11 Pro 64"}}, {"model": "MainApp.os", "pk": 3, "fields": {"os": "Windows 11 Pro"}}, {"model": "MainApp.os", "pk": 4, "fields": {"os": "Windows 11 Домашняя 64"}}, {"model": "MainApp.os", "pk": 5, "fields": {"os": "Windows 11 Домашняя S-режим"}}, {"model": "MainApp.os", "pk": 6, "fields": {"os": "Windows 11 Домашняя"}}, {"model": "MainApp.os", "pk": 7, "fields": {"os": "Windows 10 Pro"}}, {"model": "MainApp.os", "pk": 8, "fields": {"os": "Windows 10 Домашняя 64"}}, {"model": "MainApp.os", "pk": 9, "fields": {"os": "Windows 10 Домашняя"}}, {"model": "MainApp.os", "pk": 10, "fields": {"os": "Linux"}}, {"model": "MainApp.os", "pk": 11, "fields": {"os": "FreeDOS"}}, {"model": "MainApp.os", "pk": 12, "fields": {"os": "DOS"}}, {"model": "MainApp.os", "pk": 13, "fields": {"os": "не установлена"}}, {"model": "MainApp.notebook", "pk": 1, "fields": {"disp": 10, "disp_type": 3, "proc": 9, "core": 1, "freq": 9, "gc": 9, "r_a_m": 2, "hd": 3, "cm": 2, "o_s": 6, "creation_date": "2023-03-17T14:06:29.833Z", "price": 41000, "discount": false}}, {"model": "MainApp.notebook", "pk": 2, "fields": {"disp": 12, "disp_type": 5, "proc": 5, "core": 1, "freq": 1, "gc": 8, "r_a_m": 1, "hd": 4, "cm": 2, "o_s": 9, "creation_date": "2023-03-20T09:10:48.589Z", "price": 42500, "discount": false}}, {"model": "MainApp.notebook", "pk": 3, "fields": {"disp": 12, "disp_type": 3, "proc": 9, "core": 2, "freq": 6, "gc": 9, "r_a_m": 1, "hd": 4, "cm": 4, "o_s": 8, "creation_date": "2023-03-20T09:49:18.787Z", "price": 51000, "discount": false}}, {"model": "MainApp.notebook", "pk": 4, "fields": {"disp": 2, "disp_type": 5, "proc": 6, "core": 2, "freq": 1, "gc": 16, "r_a_m": 1, "hd": 1, "cm": 1, "o_s": 9, "creation_date": "2023-03-20T15:46:06.167Z", "price": 13500, "discount": false}}, {"model": "MainApp.notebook", "pk": 5, "fields": {"disp": 10, "disp_type": 3, "proc": 3, "core": 1, "freq": 11, "gc": 14, "r_a_m": 3, "hd": 4, "cm": 2, "o_s": 6, "creation_date": "2023-03-20T17:38:53.546Z", "price": 58590, "discount": true}}, {"model": "MainApp.notebook", "pk": 8, "fields": {"disp": 10, "disp_type": 3, "proc": 8, "core": 3, "freq": 10, "gc": 9, "r_a_m": 3, "hd": 4, "cm": 5, "o_s": 13, "creation_date": "2023-03-21T15:54:22.208Z", "price": 74865, "discount": true}}, {"model": "MainApp.notebook", "pk": 10, "fields": {"disp": 5, "disp_type": 3, "proc": 4, "core": 1, "freq": 9, "gc": 14, "r_a_m": 2, "hd": 3, "cm": 3, "o_s": 6, "creation_date": "2023-03-21T16:01:35.729Z", "price": 39525, "discount": true}}, {"model": "MainApp.notebook", "pk": 11, "fields": {"disp": 10, "disp_type": 3, "proc": 2, "core": 7, "freq": 13, "gc": 12, "r_a_m": 3, "hd": 4, "cm": 7, "o_s": 4, "creation_date": "2023-03-21T16:31:28.830Z", "price": 100000, "discount": false}}, {"model": "MainApp.notebook", "pk": 12, "fields": {"disp": 13, "disp_type": 3, "proc": 2, "core": 7, "freq": 13, "gc": 12, "r_a_m": 3, "hd": 5, "cm": 7, "o_s": 6, "creation_date": "2023-03-21T17:04:39.071Z", "price": 110670, "discount": true}}, {"model": "MainApp.notebook", "pk": 13, "fields": {"disp": 10, "disp_type": 3, "proc": 3, "core": 1, "freq": 11, "gc": 14, "r_a_m": 3, "hd": 4, "cm": 2, "o_s": 6, "creation_date": "2023-03-21T17:07:30.434Z", "price": 63000, "discount": false}}, {"model": "MainApp.notebook", "pk": 14, "fields": {"disp": 12, "disp_type": 3, "proc": 3, "core": 4, "freq": 11, "gc": 4, "r_a_m": 3, "hd": 4, "cm": 4, "o_s": 11, "creation_date": "2023-03-23T17:08:14.516Z", "price": 99000, "discount": false}}]
